Algorithm,Clusters Found,Silhouette Score,Davies-Bouldin Index,Calinski-Harabasz Score
K-Means,5,0.4775166334210599,0.8284733001200049,173.91606369090917
Hierarchical (Ward),5,0.4649580155789518,0.8582555522162764,163.0238517957166
DBSCAN,5,0.5204320585653816,0.7660126883192373,170.0445739919173
